question,note,commentaire,"question enventuelle"
question,note,commentaire,"question enventuelle"
question,note,commentaire,"question enventuelle"
question,note,commentaire,"question enventuelle"
"question 1",,,
"question 1",,,
"question 1",,,
"question 1",,,
"question 2",,,
"question 2",,,
"question 2",,,
"question 2",,,
"question 3 ",,,
"question 3 ",,,
"question 3 ",,,
"question 3 ",,,
"question 4 ",,,
"question 4 ",,,
"question 4 ",,,
"question 4 ",,,
"question 5",,,
"question 5",,,
"question 5",,,
"question 5",,,
